--
-- PostgreSQL database dump
--

-- Dumped from database version 16.1 (Homebrew)
-- Dumped by pg_dump version 16.1 (Homebrew)

SET statement_timeout = 0;
SET lock_timeout = 0;
SET idle_in_transaction_session_timeout = 0;
SET client_encoding = 'UTF8';
SET standard_conforming_strings = on;
SELECT pg_catalog.set_config('search_path', '', false);
SET check_function_bodies = false;
SET xmloption = content;
SET client_min_messages = warning;
SET row_security = off;

SET default_tablespace = '';

SET default_table_access_method = heap;

--
-- Name: categories; Type: TABLE; Schema: public; Owner: pencil
--

CREATE TABLE public.categories (
    id integer NOT NULL,
    name character varying(200) NOT NULL,
    created_at timestamp without time zone DEFAULT now(),
    updated_at timestamp without time zone DEFAULT now()
);


ALTER TABLE public.categories OWNER TO pencil;

--
-- Name: categories_id_seq; Type: SEQUENCE; Schema: public; Owner: pencil
--

ALTER TABLE public.categories ALTER COLUMN id ADD GENERATED BY DEFAULT AS IDENTITY (
    SEQUENCE NAME public.categories_id_seq
    START WITH 1
    INCREMENT BY 1
    NO MINVALUE
    NO MAXVALUE
    CACHE 1
);


--
-- Name: comments; Type: TABLE; Schema: public; Owner: pencil
--

CREATE TABLE public.comments (
    id integer NOT NULL,
    subject character varying(200) NOT NULL,
    content text NOT NULL,
    post_id integer,
    user_id integer,
    created_at timestamp with time zone DEFAULT now(),
    updated_at timestamp with time zone DEFAULT now()
);


ALTER TABLE public.comments OWNER TO pencil;

--
-- Name: courses; Type: TABLE; Schema: public; Owner: pencil
--

CREATE TABLE public.courses (
    id integer NOT NULL,
    name character varying(255),
    price integer,
    created_at timestamp without time zone DEFAULT now(),
    updated_at timestamp without time zone DEFAULT now()
);


ALTER TABLE public.courses OWNER TO pencil;

--
-- Name: courses_id_seq; Type: SEQUENCE; Schema: public; Owner: pencil
--

ALTER TABLE public.courses ALTER COLUMN id ADD GENERATED BY DEFAULT AS IDENTITY (
    SEQUENCE NAME public.courses_id_seq
    START WITH 1
    INCREMENT BY 1
    NO MINVALUE
    NO MAXVALUE
    CACHE 1
);


--
-- Name: phones; Type: TABLE; Schema: public; Owner: pencil
--

CREATE TABLE public.phones (
    id integer NOT NULL,
    phone character varying(15),
    user_id integer,
    created_at timestamp without time zone DEFAULT now(),
    updated_at timestamp without time zone DEFAULT now()
);


ALTER TABLE public.phones OWNER TO pencil;

--
-- Name: phones_id_seq; Type: SEQUENCE; Schema: public; Owner: pencil
--

ALTER TABLE public.phones ALTER COLUMN id ADD GENERATED BY DEFAULT AS IDENTITY (
    SEQUENCE NAME public.phones_id_seq
    START WITH 1
    INCREMENT BY 1
    NO MINVALUE
    NO MAXVALUE
    CACHE 1
);


--
-- Name: posts; Type: TABLE; Schema: public; Owner: pencil
--

CREATE TABLE public.posts (
    id integer NOT NULL,
    title character varying(255) NOT NULL,
    content text,
    user_id integer,
    created_at timestamp without time zone DEFAULT now(),
    updated_at timestamp without time zone DEFAULT now()
);


ALTER TABLE public.posts OWNER TO pencil;

--
-- Name: posts_categories; Type: TABLE; Schema: public; Owner: pencil
--

CREATE TABLE public.posts_categories (
    id integer NOT NULL,
    category_id integer,
    post_id integer,
    created_at timestamp without time zone DEFAULT now(),
    updated_at timestamp without time zone DEFAULT now()
);


ALTER TABLE public.posts_categories OWNER TO pencil;

--
-- Name: posts_categories_id_seq; Type: SEQUENCE; Schema: public; Owner: pencil
--

ALTER TABLE public.posts_categories ALTER COLUMN id ADD GENERATED BY DEFAULT AS IDENTITY (
    SEQUENCE NAME public.posts_categories_id_seq
    START WITH 1
    INCREMENT BY 1
    NO MINVALUE
    NO MAXVALUE
    CACHE 1
);


--
-- Name: posts_id_seq; Type: SEQUENCE; Schema: public; Owner: pencil
--

ALTER TABLE public.posts ALTER COLUMN id ADD GENERATED BY DEFAULT AS IDENTITY (
    SEQUENCE NAME public.posts_id_seq
    START WITH 1
    INCREMENT BY 1
    NO MINVALUE
    NO MAXVALUE
    CACHE 1
);


--
-- Name: users; Type: TABLE; Schema: public; Owner: pencil
--

CREATE TABLE public.users (
    id integer NOT NULL,
    name character varying(50),
    email character varying(100),
    password character varying(100),
    status boolean DEFAULT false,
    created_at timestamp without time zone DEFAULT now(),
    updated_at timestamp without time zone DEFAULT now()
);


ALTER TABLE public.users OWNER TO pencil;

--
-- Name: users_courses; Type: TABLE; Schema: public; Owner: pencil
--

CREATE TABLE public.users_courses (
    id integer NOT NULL,
    user_id integer,
    course_id integer,
    created_at timestamp without time zone DEFAULT now(),
    updated_at timestamp without time zone DEFAULT now()
);


ALTER TABLE public.users_courses OWNER TO pencil;

--
-- Name: users_courses_id_seq; Type: SEQUENCE; Schema: public; Owner: pencil
--

ALTER TABLE public.users_courses ALTER COLUMN id ADD GENERATED BY DEFAULT AS IDENTITY (
    SEQUENCE NAME public.users_courses_id_seq
    START WITH 1
    INCREMENT BY 1
    NO MINVALUE
    NO MAXVALUE
    CACHE 1
);


--
-- Name: users_id_seq; Type: SEQUENCE; Schema: public; Owner: pencil
--

ALTER TABLE public.users ALTER COLUMN id ADD GENERATED BY DEFAULT AS IDENTITY (
    SEQUENCE NAME public.users_id_seq
    START WITH 1
    INCREMENT BY 1
    NO MINVALUE
    NO MAXVALUE
    CACHE 1
);


--
-- Data for Name: categories; Type: TABLE DATA; Schema: public; Owner: pencil
--

COPY public.categories (id, name, created_at, updated_at) FROM stdin;
1	Lập trình web	2023-12-21 20:14:07.114716	2023-12-21 20:14:07.114716
2	Lập trình mobile app	2023-12-21 20:14:07.114716	2023-12-21 20:14:07.114716
3	Kiến thức lập trình	2023-12-21 20:16:15.120987	2023-12-21 20:16:15.120987
\.


--
-- Data for Name: comments; Type: TABLE DATA; Schema: public; Owner: pencil
--

COPY public.comments (id, subject, content, post_id, user_id, created_at, updated_at) FROM stdin;
1	Subject 1	Bài viết rất hay	1	1	2023-12-25 21:28:15.108772+07	2023-12-25 21:28:15.108772+07
2	Subject 2	Tuyet voi	1	1	2023-12-25 21:29:10.133196+07	2023-12-25 21:29:10.133196+07
3	Subject 2	Tuyet voi qua	1	2	2023-12-25 21:29:21.652611+07	2023-12-25 21:29:21.652611+07
4	Subject 4	Comment 4	2	2	2023-12-25 21:29:40.277896+07	2023-12-25 21:29:40.277896+07
5	Subject 5	Comment 6 TEST	1	2	2023-12-25 21:29:55.572677+07	2023-12-25 21:29:55.572677+07
\.


--
-- Data for Name: courses; Type: TABLE DATA; Schema: public; Owner: pencil
--

COPY public.courses (id, name, price, created_at, updated_at) FROM stdin;
1	HTML CSS cơ bản	1200000	2023-12-25 19:26:02.691151	2023-12-25 19:26:02.691151
2	JS cơ bản	1400000	2023-12-25 19:26:02.691151	2023-12-25 19:26:02.691151
3	ReactJs cơ bản	2400000	2023-12-25 19:26:02.691151	2023-12-25 19:26:02.691151
4	NextJs cơ bản	2400000	2023-12-25 19:26:02.691151	2023-12-25 19:26:02.691151
5	Fullstack web	3200000	2023-12-25 19:26:02.691151	2023-12-25 19:26:02.691151
\.


--
-- Data for Name: phones; Type: TABLE DATA; Schema: public; Owner: pencil
--

COPY public.phones (id, phone, user_id, created_at, updated_at) FROM stdin;
1	0869231211	1	2023-12-21 20:10:40.034426	2023-12-21 20:10:40.034426
2	0962476214	2	2023-12-21 20:10:40.034426	2023-12-21 20:10:40.034426
3	0559371211	\N	2023-12-21 20:49:51.444109	2023-12-21 20:49:51.444109
\.


--
-- Data for Name: posts; Type: TABLE DATA; Schema: public; Owner: pencil
--

COPY public.posts (id, title, content, user_id, created_at, updated_at) FROM stdin;
1	Lộ trình học lập trình Fullstack	Hello các bạn	1	2023-12-21 20:14:29.491193	2023-12-21 20:14:29.491193
2	Lộ trình học lập trình Mobile App	Đây là nội dung bài viết này	2	2023-12-21 20:14:29.491193	2023-12-21 20:14:29.491193
\.


--
-- Data for Name: posts_categories; Type: TABLE DATA; Schema: public; Owner: pencil
--

COPY public.posts_categories (id, category_id, post_id, created_at, updated_at) FROM stdin;
3	1	1	2023-12-21 20:17:23.179182	2023-12-21 20:17:23.179182
4	3	1	2023-12-21 20:17:23.179182	2023-12-21 20:17:23.179182
5	2	2	2023-12-21 20:17:23.179182	2023-12-21 20:17:23.179182
6	3	1	2023-12-21 20:17:23.179182	2023-12-21 20:17:23.179182
\.


--
-- Data for Name: users; Type: TABLE DATA; Schema: public; Owner: pencil
--

COPY public.users (id, name, email, password, status, created_at, updated_at) FROM stdin;
2	Tạ Hằng	tahang2505@gmail.com	Moon1906vip	t	2023-12-21 20:09:04.791271	2023-12-21 20:09:04.791271
1	Vũ Thống	pencil.bsp@gmail.com	Alo123456@	f	2023-12-21 20:08:04.709486	2023-12-21 20:08:04.709486
3	Hoàng Minh Tiến	tienhoangminh@gmail.com	\N	f	2024-01-08 21:40:03.113793	2024-01-08 21:40:03.113793
4	Không Chỉ Là Thích Em	demo@minimals.cc	\N	f	2024-01-08 21:40:39.355198	2024-01-08 21:40:39.355198
5	DLLLD10	demo2@minimals.cc	\N	f	2024-01-08 21:42:27.328373	2024-01-08 21:42:27.328373
6	DLLLD10	pencil.bsp2@gmail.com	\N	f	2024-01-08 21:50:12.144838	2024-01-08 21:50:12.144838
7	DLLLD10	pencil.bsp3@gmail.com	\N	f	2024-01-08 21:50:33.26202	2024-01-08 21:50:33.26202
8	Pedro Duarte	pencil.bsp4@gmail.com	\N	f	2024-01-08 22:02:09.32179	2024-01-08 22:02:09.32179
9	Khải Nguyễn	khainguyenpt19@gmail.com	\N	f	2024-01-11 16:45:10.369357	2024-01-11 16:45:10.369357
10	Nguyễn Trọng Khoa	zzzlangtu@gmail.com	\N	f	2024-01-11 16:45:39.724565	2024-01-11 16:45:39.724565
11	Vũ Minh	minhvu1994@gmail.com	\N	f	2024-01-11 16:47:05.747362	2024-01-11 16:47:05.747362
15	Hi	lo@gmail.com	\N	f	2024-01-11 17:33:43.800933	2024-01-11 17:33:43.800933
16	asf	asfsf@ic.com	\N	f	2024-01-11 17:34:13.860769	2024-01-11 17:34:13.860769
17	sasagasg Edijt	asgsag@dks.co	\N	f	2024-01-11 17:36:15.81881	2024-01-11 17:36:15.81881
\.


--
-- Data for Name: users_courses; Type: TABLE DATA; Schema: public; Owner: pencil
--

COPY public.users_courses (id, user_id, course_id, created_at, updated_at) FROM stdin;
1	1	1	2023-12-25 19:27:23.10574	2023-12-25 19:27:23.10574
2	1	2	2023-12-25 19:27:23.10574	2023-12-25 19:27:23.10574
3	1	4	2023-12-25 19:27:23.10574	2023-12-25 19:27:23.10574
4	1	5	2023-12-25 19:27:23.10574	2023-12-25 19:27:23.10574
5	2	1	2023-12-25 19:27:23.10574	2023-12-25 19:27:23.10574
6	2	2	2023-12-25 19:27:23.10574	2023-12-25 19:27:23.10574
7	2	3	2023-12-25 19:27:23.10574	2023-12-25 19:27:23.10574
\.


--
-- Name: categories_id_seq; Type: SEQUENCE SET; Schema: public; Owner: pencil
--

SELECT pg_catalog.setval('public.categories_id_seq', 3, true);


--
-- Name: courses_id_seq; Type: SEQUENCE SET; Schema: public; Owner: pencil
--

SELECT pg_catalog.setval('public.courses_id_seq', 5, true);


--
-- Name: phones_id_seq; Type: SEQUENCE SET; Schema: public; Owner: pencil
--

SELECT pg_catalog.setval('public.phones_id_seq', 3, true);


--
-- Name: posts_categories_id_seq; Type: SEQUENCE SET; Schema: public; Owner: pencil
--

SELECT pg_catalog.setval('public.posts_categories_id_seq', 6, true);


--
-- Name: posts_id_seq; Type: SEQUENCE SET; Schema: public; Owner: pencil
--

SELECT pg_catalog.setval('public.posts_id_seq', 2, true);


--
-- Name: users_courses_id_seq; Type: SEQUENCE SET; Schema: public; Owner: pencil
--

SELECT pg_catalog.setval('public.users_courses_id_seq', 7, true);


--
-- Name: users_id_seq; Type: SEQUENCE SET; Schema: public; Owner: pencil
--

SELECT pg_catalog.setval('public.users_id_seq', 17, true);


--
-- Name: categories categories_pkey; Type: CONSTRAINT; Schema: public; Owner: pencil
--

ALTER TABLE ONLY public.categories
    ADD CONSTRAINT categories_pkey PRIMARY KEY (id);


--
-- Name: comments comments_pkey; Type: CONSTRAINT; Schema: public; Owner: pencil
--

ALTER TABLE ONLY public.comments
    ADD CONSTRAINT comments_pkey PRIMARY KEY (id);


--
-- Name: courses courses_pkey; Type: CONSTRAINT; Schema: public; Owner: pencil
--

ALTER TABLE ONLY public.courses
    ADD CONSTRAINT courses_pkey PRIMARY KEY (id);


--
-- Name: phones phones_phone_key; Type: CONSTRAINT; Schema: public; Owner: pencil
--

ALTER TABLE ONLY public.phones
    ADD CONSTRAINT phones_phone_key UNIQUE (phone);


--
-- Name: phones phones_pkey; Type: CONSTRAINT; Schema: public; Owner: pencil
--

ALTER TABLE ONLY public.phones
    ADD CONSTRAINT phones_pkey PRIMARY KEY (id);


--
-- Name: posts_categories posts_categories_pkey; Type: CONSTRAINT; Schema: public; Owner: pencil
--

ALTER TABLE ONLY public.posts_categories
    ADD CONSTRAINT posts_categories_pkey PRIMARY KEY (id);


--
-- Name: posts posts_pkey; Type: CONSTRAINT; Schema: public; Owner: pencil
--

ALTER TABLE ONLY public.posts
    ADD CONSTRAINT posts_pkey PRIMARY KEY (id);


--
-- Name: users_courses users_courses_pkey; Type: CONSTRAINT; Schema: public; Owner: pencil
--

ALTER TABLE ONLY public.users_courses
    ADD CONSTRAINT users_courses_pkey PRIMARY KEY (id);


--
-- Name: users users_pkey; Type: CONSTRAINT; Schema: public; Owner: pencil
--

ALTER TABLE ONLY public.users
    ADD CONSTRAINT users_pkey PRIMARY KEY (id);


--
-- Name: comments coments_post_id_foreign; Type: FK CONSTRAINT; Schema: public; Owner: pencil
--

ALTER TABLE ONLY public.comments
    ADD CONSTRAINT coments_post_id_foreign FOREIGN KEY (post_id) REFERENCES public.posts(id);


--
-- Name: comments coments_user_id_foreign; Type: FK CONSTRAINT; Schema: public; Owner: pencil
--

ALTER TABLE ONLY public.comments
    ADD CONSTRAINT coments_user_id_foreign FOREIGN KEY (user_id) REFERENCES public.users(id);


--
-- Name: phones phones_user_id_fkey; Type: FK CONSTRAINT; Schema: public; Owner: pencil
--

ALTER TABLE ONLY public.phones
    ADD CONSTRAINT phones_user_id_fkey FOREIGN KEY (user_id) REFERENCES public.users(id);


--
-- Name: posts_categories posts_categories_category_id_fkey; Type: FK CONSTRAINT; Schema: public; Owner: pencil
--

ALTER TABLE ONLY public.posts_categories
    ADD CONSTRAINT posts_categories_category_id_fkey FOREIGN KEY (category_id) REFERENCES public.categories(id);


--
-- Name: posts_categories posts_categories_post_id_fkey; Type: FK CONSTRAINT; Schema: public; Owner: pencil
--

ALTER TABLE ONLY public.posts_categories
    ADD CONSTRAINT posts_categories_post_id_fkey FOREIGN KEY (post_id) REFERENCES public.posts(id);


--
-- Name: posts posts_user_id_fkey; Type: FK CONSTRAINT; Schema: public; Owner: pencil
--

ALTER TABLE ONLY public.posts
    ADD CONSTRAINT posts_user_id_fkey FOREIGN KEY (user_id) REFERENCES public.users(id);


--
-- Name: users_courses users_courses_course_id_fkey; Type: FK CONSTRAINT; Schema: public; Owner: pencil
--

ALTER TABLE ONLY public.users_courses
    ADD CONSTRAINT users_courses_course_id_fkey FOREIGN KEY (course_id) REFERENCES public.courses(id);


--
-- Name: users_courses users_courses_user_id_fkey; Type: FK CONSTRAINT; Schema: public; Owner: pencil
--

ALTER TABLE ONLY public.users_courses
    ADD CONSTRAINT users_courses_user_id_fkey FOREIGN KEY (user_id) REFERENCES public.users(id);


--
-- PostgreSQL database dump complete
--

